SquareFeet,Bedrooms,Bathrooms,Age,Location,Price
3431.751595738491,4,1.5,41.082078488947765,Suburban,723194.955777353
3544.199480516108,1,2.0,5.068992123493176,Rural,675122.5189675086
3733.232754691863,4,2.0,39.59456618978646,Suburban,762953.7916828352
2179.152705642548,1,2.5,40.5786002175774,Urban,545922.9798321194
1820.3738186276441,5,1.0,24.113700004077177,Rural,467860.85283067764
2663.0359891011644,5,1.5,2.8655155005243405,Suburban,698195.09273902
1987.7517550004081,5,2.5,8.72949256235932,Rural,583756.2525384119
2723.437333760746,3,1.0,35.37131375809662,Urban,617329.5419099256
3057.8747604602386,5,2.0,35.58889724954747,Rural,675114.8568321347
3002.896059174838,4,2.0,44.917763758383266,Urban,707153.1975607483
1998.5692384643883,2,2.5,29.134307327729143,Suburban,482396.2752240165
1333.9526454360089,1,2.0,6.205368385688869,Urban,404127.56943078997
2177.693883079064,3,3.0,6.070745275248607,Suburban,575105.9691065163
1256.301261062108,5,2.5,36.05661786784118,Suburban,397283.8993757367
3648.3105125881866,5,1.0,9.189233255395058,Urban,799057.8316647988
1906.8078743611436,2,2.5,16.419274980830266,Suburban,490788.6811933116
1294.2711911146362,2,1.5,24.360600346095694,Rural,376793.9989653517
881.4328316984028,3,2.5,1.23824387880756,Suburban,362445.20211437927
2866.6316361167496,1,2.0,12.440951350996594,Urban,638601.5845060822
2838.0874158551783,5,2.0,20.394480425364,Rural,638049.4437901601
1889.9333330601332,3,3.0,13.981815924660312,Rural,528157.8610797661
1029.4780443124832,4,3.0,6.818516373378292,Suburban,427004.8368647138
2110.8124636647426,4,3.0,36.40061288980987,Suburban,561392.1747126859
1795.8959842028594,3,1.0,40.657382758399244,Urban,488492.02723172755
2966.78604715203,5,3.0,12.873948807186242,Rural,713706.5083355139
2738.493598248609,3,1.0,38.72097473031516,Urban,612377.6098354963
1966.699930232128,5,3.0,19.27767822006569,Suburban,593320.4022891597
1497.2561736159682,2,1.0,25.33428954270014,Rural,392391.7594549105
3961.715091697894,3,2.5,42.80005374465764,Urban,820642.8214365579
2252.8051878275674,5,2.5,37.497684090120394,Urban,612750.0010056046
3002.477554496759,3,2.0,40.255842565808884,Urban,674516.4892789301
1249.7694962507544,3,1.0,6.842258329317841,Urban,427107.8540297891
2353.887038910073,5,1.5,3.485971291686474,Urban,656019.2117949825
888.1175035822896,5,2.0,44.67023645439935,Rural,334830.18464049674
2417.4563773134396,1,2.5,19.391713478554717,Urban,558470.922403655
3884.8557027766474,3,1.0,14.393983903484042,Rural,789519.6453015858
2029.4614815545608,4,3.0,36.23481271309122,Urban,565279.622705537
924.7872402397171,3,1.5,41.82077982899283,Suburban,348825.16824982665
899.0585309418993,3,2.5,43.12448109491505,Suburban,347411.8785590071
2041.5576318299823,5,2.0,15.799857056261368,Urban,584381.2295167112
1312.079796682221,3,1.0,42.6106195600837,Suburban,390703.2772048229
874.7267082501949,3,1.5,2.046697218717269,Rural,370606.1281779907
3219.883564640566,4,1.0,2.483074572985944,Urban,759439.051245524
2267.27362842205,5,3.0,31.175959758707723,Rural,602226.7833659358
1725.5832703124945,3,2.0,3.1553184557773117,Urban,517246.75507902884
3680.2661856527384,2,1.0,16.230458425508075,Suburban,760670.2670800127
1171.644672641682,1,2.5,33.6377993123462,Rural,322995.0932853132
3858.9402526570216,4,2.0,16.863344802711318,Suburban,828748.5536106522
1804.693495607529,3,2.5,8.979989072004797,Suburban,560614.1583178432
3642.89175138778,2,1.0,14.067531092692082,Urban,773143.8527359881
2729.417204734277,3,2.0,22.878766612521588,Rural,603119.5894857825
3445.4635511727597,3,2.5,23.769292767774118,Suburban,732084.3950743119
3948.8421222734855,5,3.0,39.150011567360096,Urban,871749.4728278558
1722.8974010199863,5,3.0,37.507661471575624,Urban,557951.8643160105
3875.6335533042975,5,1.0,22.84089022780676,Urban,851419.6929511855
2046.3420636877452,2,2.0,42.28336745493857,Suburban,471697.38583345525
2033.6380951581514,3,1.5,5.711856929569792,Urban,543827.917488379
1889.2387336144182,1,2.0,12.767667511445074,Rural,458659.12915117724
2532.5043435122725,4,3.0,41.398823175112575,Rural,599324.728086504
1293.2641381711587,5,2.5,18.899701931307654,Suburban,471689.44217674655
2571.876753145636,5,1.5,49.05907793969211,Rural,612572.2329478513
2533.455399712013,3,1.0,23.31266407639177,Urban,661252.8399286002
3238.085800335584,3,1.5,39.59678114818821,Suburban,649375.4185667975
3467.679878200274,2,1.0,20.115352069118597,Urban,743773.8722066513
2209.412320999757,2,1.5,21.24767595312152,Suburban,524630.3263646078
1767.46639792478,5,1.0,19.144157364209175,Suburban,474084.2777022961
1629.8716714147022,3,1.0,35.953781025540586,Urban,483517.58415969927
1422.7962774555901,1,1.5,27.375894202999724,Rural,371967.01194697776
984.4722630368797,4,1.5,47.188905568418456,Rural,353978.0597435166
1895.8335322710827,3,1.0,12.544515826705238,Suburban,462842.13511200354
1664.7926148185065,3,3.0,5.028136604172218,Urban,520282.4170686395
3892.5356347725037,2,1.5,19.663074254960762,Urban,780133.3320630288
2584.6682440001405,4,2.0,30.8356353823388,Suburban,660126.6200712946
1911.286524897624,5,2.5,43.03994684577475,Rural,539044.0388037565
2657.4963231798274,3,1.0,17.309844334016383,Urban,617695.2484772485
1245.4294443062256,5,1.0,32.68933755622308,Rural,373392.30107071873
2220.9399974470493,3,2.5,17.509934051160954,Rural,552012.1668935715
2803.949828547404,5,3.0,30.860979149722905,Suburban,706579.9351782748
2364.4730617358446,4,2.5,44.24039735153254,Suburban,543229.4898001255
2085.6921620938374,2,1.5,11.567882112970452,Rural,480150.4487812418
3980.314844479034,4,2.5,20.212082105351957,Urban,847223.450386224
3617.0072388765666,1,1.0,49.66325982148733,Urban,720226.7493282093
2794.8990661102084,2,2.5,43.42785141247304,Suburban,595910.426733168
2622.007555783305,4,2.0,28.231992894810098,Rural,603510.4100251357
2786.113535438669,1,1.5,25.831379592713766,Urban,613078.744335866
1444.1987450317865,3,2.5,14.23001911523405,Urban,457334.1763929537
2064.4407784458194,3,1.0,25.86047138467647,Suburban,479931.9106476452
926.2705052508778,5,1.5,42.40907491399736,Rural,381425.20412084
2321.7473199578453,2,1.0,34.25872566388903,Urban,573253.0864993797
2537.678668664522,3,3.0,14.502201408899328,Suburban,624741.2480800425
1528.7991555302706,2,2.0,10.073196052676646,Urban,469289.78739021637
3884.892310929644,3,3.0,13.260426849841455,Urban,874693.6993212053
3710.2547549991746,5,2.0,8.487960069641327,Urban,856183.3243123096
3110.858353458899,4,2.5,4.782034801185797,Suburban,720965.1600987761
2506.8372120491604,5,1.5,20.95680872210275,Rural,613355.5556208205
3583.9013108725917,1,2.5,5.664980219913385,Suburban,767283.5891543247
1218.0875002350813,3,2.0,8.595627886355217,Rural,400183.9305174831
3329.631341679632,1,2.0,27.366234216974306,Urban,683690.8163418993
1199.4266046939147,1,2.0,8.229963684978737,Rural,359624.0680048104
3341.4741201580973,2,1.0,3.1939883715451423,Urban,741151.5924028847
1682.4562184043423,3,1.5,15.86944250139426,Urban,504724.06015737104
3606.6898592582047,1,2.5,11.015954931098376,Suburban,748544.0029190646
3820.9347002412733,4,2.5,25.765259399718836,Urban,823341.3920538035
1276.14710209637,1,3.0,5.118354229160466,Suburban,416705.7824164642
2280.5619362092593,4,2.0,37.58853938414891,Rural,550065.0698314857
3939.1596101205923,2,2.0,45.311675971756934,Rural,736326.4421969427
2346.903795114069,1,2.0,37.17175869780972,Urban,555106.8448423414
3563.3520720465444,5,2.5,26.641351870069713,Suburban,786288.6819585767
2683.9408708202236,2,3.0,43.03339108944426,Urban,588071.7925624781
2001.055705342726,4,1.0,34.74591898907538,Suburban,490400.3891901271
1714.5073776827846,2,1.5,0.5275561225094927,Suburban,465515.81186896656
1450.3138914754793,1,1.0,19.704507638725154,Suburban,394408.6217248223
3237.7542124086312,3,2.5,42.54759497034,Rural,658334.1378491927
2036.9296218336892,3,2.0,17.292942898763464,Suburban,523433.2511675393
2436.0814790424038,4,1.5,1.760758676276175,Rural,576819.3185468232
2375.441536003782,4,2.5,37.308981927613615,Suburban,606147.9067977499
2647.29289354602,3,2.5,40.101913514143426,Rural,623838.6427968707
3569.846865998567,4,2.5,8.029684752165428,Rural,812132.995637386
3938.365899466974,2,1.5,26.86702484215906,Rural,780687.4510876099
2104.269467436214,5,1.5,9.597771949786289,Urban,620792.847308051
3448.0605507401697,5,3.0,35.96172095220734,Suburban,734809.771170754
3246.4889428950964,2,3.0,13.577522758874283,Urban,736939.2833197924
2635.2926446578344,5,1.0,15.810756128166503,Suburban,634561.2880973105
3859.350859558186,1,1.5,42.248542682005066,Suburban,746763.4134726209
1441.518449690889,2,1.5,23.816117610345216,Urban,379159.6923296616
1149.6454729907884,4,1.5,33.48772256091239,Rural,380318.4524431094
3532.678294257351,2,3.0,20.11865253612338,Suburban,740494.2159258311
2205.2794132279946,3,2.5,14.90034285968777,Rural,570760.1677831395
3510.3003334625937,4,2.0,31.273903021233068,Urban,811230.8880716508
3657.8886566253277,3,3.0,7.742878703941064,Rural,762363.4994496028
999.8642995810286,4,1.5,18.64999177834315,Suburban,366155.4444408748
3627.087241555394,5,3.0,10.451851869296114,Suburban,833221.1667882472
2234.620977182151,2,1.0,34.789748347037275,Suburban,540078.6520607162
2433.383964813543,1,1.5,47.21044191730538,Urban,536500.0463503863
2805.0960354982726,4,1.0,49.77554840079332,Suburban,590405.628616861
3764.4243415362776,4,1.5,22.513840522079537,Urban,807532.4417850963
861.1715021752449,3,3.0,12.626519481822223,Rural,360602.4891337338
2325.8990986170147,5,2.5,22.141468519216208,Suburban,619047.4448446152
3000.710535777794,3,2.0,42.36347049813619,Suburban,633661.3571566856
3112.662264634331,3,1.0,10.300283927601994,Suburban,669083.2418919553
3016.1037809187455,5,3.0,47.60478258264619,Rural,665179.4246640377
1230.1924141059899,1,2.5,17.09328843990755,Suburban,397758.99735306686
1758.0658827893799,3,3.0,49.29018297251525,Urban,477724.19586002396
1947.8896813344431,3,1.0,41.93044437669811,Rural,450957.12374510267
3374.199064574416,4,2.0,40.428526707369514,Rural,700836.2746483138
1692.0315917265698,5,3.0,15.89523368866418,Rural,485790.3601200135
1474.25588437505,2,1.5,0.4388605973964732,Rural,400931.2159625047
3863.8336609219077,1,2.5,19.106645441299392,Rural,777531.1556827174
828.3625123631004,1,3.0,15.090468483134684,Urban,324978.1515355158
3993.02673818233,5,2.5,1.8698495204398646,Rural,850311.3151703824
2965.828156343666,4,1.5,25.268262825296482,Suburban,645455.0451506682
3451.1017582371746,4,2.0,20.15156556413683,Rural,740701.4669668141
1742.782068307818,5,2.0,31.72782338707624,Rural,532399.0212844223
845.8088885345919,4,1.5,31.05931610970416,Rural,330658.1327399432
3161.1824593968963,1,2.5,6.037331794834006,Rural,661975.2796217883
3469.2627104021626,1,3.0,48.84827730633113,Rural,655632.1845366535
3169.5236222512613,2,1.5,9.346571472072347,Urban,702349.6109697714
1257.1209193626835,5,1.0,22.263701238235228,Urban,480885.4427931196
3210.969351222301,3,2.5,24.405877171686747,Rural,692597.7132644219
3260.5529027444513,3,2.0,40.653139860706005,Urban,756065.1971922049
2907.3296501441755,2,1.5,4.961479804732338,Suburban,668827.5619630077
3251.570984945876,2,2.0,21.432213960426587,Rural,669577.1068725561
3506.9486069687428,4,2.5,31.425108511810194,Suburban,760001.4250216589
2763.533165559867,2,2.0,10.757781081202777,Suburban,656390.6565052498
1083.535084702973,2,1.5,31.37339493830364,Rural,331403.37928424694
2360.408990935075,3,2.5,46.18324187748264,Suburban,583556.5379682131
1048.477870949136,4,1.0,49.87590655863375,Suburban,392453.92088627006
2104.1376993037784,2,1.5,1.6225538395337857,Suburban,522413.71369955083
2102.7407652020083,2,3.0,11.779411412233875,Rural,530670.8106867677
1011.231501248773,4,1.5,15.515355789584873,Rural,393269.4530890587
1916.2257087023338,5,2.5,19.956305022248305,Suburban,570327.5520635522
1155.1939161322075,4,1.5,12.11285787923837,Rural,413876.0441990028
3386.352672029511,3,1.0,10.174399727765627,Rural,681109.0245331064
3832.6016830863064,5,1.0,47.727692120875,Suburban,775194.225778835
1031.4127208254035,1,3.0,45.92608013852589,Rural,298880.4875664609
3856.3686633334446,4,2.0,2.3496250501558738,Urban,885394.0905192343
2472.2451178775846,3,2.5,16.940651080242407,Rural,561688.6184588575
1758.6101694523963,5,2.5,20.25742768392033,Urban,586498.6318775158
1045.9586408837233,4,2.0,11.950726733297168,Suburban,420539.751680835
2401.9976578253372,2,1.0,31.443644849408773,Rural,541940.6083188473
3342.4497423703956,4,1.0,32.01903733221205,Suburban,695757.7624784473
3062.676727253434,1,1.5,42.525211416429855,Suburban,610822.3449253879
960.7232366847161,4,3.0,37.04346341926089,Suburban,388043.8778060729
1033.2858731772913,5,3.0,27.12866634829778,Suburban,427963.5546687498
2089.1945044244385,5,3.0,32.67933850222099,Suburban,581612.9851783791
1744.9295809534185,4,1.5,13.699439077150904,Rural,480009.46845795965
1543.629833779353,5,3.0,29.652809498367883,Urban,524595.8071898082
1699.2143965078835,2,2.0,24.46136273749596,Rural,456092.0758399903
3371.144778550031,4,1.5,6.66722336581852,Rural,713174.2472478683
3773.5297716219325,2,2.0,12.127213829148536,Rural,789843.2542922494
2096.3286224882127,2,1.5,14.584672536079301,Rural,517002.59996452153
3699.555206823991,3,3.0,46.2154783526279,Urban,769413.764817304
1828.7862439932223,4,2.0,11.519331969294472,Rural,515475.3254987953
2324.598356300133,5,2.0,14.462195140983408,Suburban,632257.5338271974
1523.2927930111991,2,2.0,18.467706504471614,Rural,390320.34596949455
2849.5233349627006,3,1.5,33.18713693126935,Rural,612580.9319806679
3932.7395685593883,4,2.5,5.911919623607026,Urban,874928.7096436011
2731.1779073388116,4,3.0,47.6972606246888,Urban,649067.814625995
1945.0050691633564,1,2.0,43.27856100473822,Suburban,450319.3361050455
2873.015827169691,1,2.5,28.860803650447508,Rural,582585.8389057504
1193.3461710892402,2,3.0,33.701893371247834,Rural,392786.17367155297
3643.709056849276,1,3.0,0.8330235622107995,Rural,733190.4485386322
2409.8686424954763,2,2.0,16.947238767422434,Suburban,580372.6364071621
2237.9191745268545,5,2.0,39.7830115330721,Urban,567797.1368935528
2674.7673230512614,2,1.5,3.8741486896192945,Suburban,606604.7536910707
2799.308360926088,1,2.5,14.11569171053601,Rural,598526.7855754044
1029.6825799248418,5,2.5,29.264841416715566,Urban,433801.72455970006
2984.375107914888,1,2.0,12.820651384947091,Urban,651909.2488583782
1574.1813770096946,2,3.0,46.69889870722596,Suburban,411078.0073373258
3084.6484240210875,3,2.0,6.5529315402145185,Urban,736235.1476632467
3432.1113420294296,4,3.0,39.86971789538893,Urban,794936.1405109331
3372.667224168065,1,3.0,25.397434595320412,Rural,678859.4313127564
2568.003095705245,2,2.0,37.5165387909978,Rural,530751.1754043562
2464.5436553944037,5,1.0,15.535766415572372,Urban,680024.7685213248
1257.2030762861175,1,2.5,25.72448011560194,Urban,377760.03266915807
3281.1076812900337,1,3.0,42.841767486158815,Suburban,635135.9395376834
1668.510017429486,4,3.0,23.34390495615522,Suburban,461680.15932787233
2389.425353017429,2,1.0,17.985993095513482,Urban,572416.8477953542
1709.6770973680534,3,1.5,26.807769312636804,Rural,442795.4675822665
1228.250761599018,5,1.0,35.868137651818344,Urban,458988.60957096115
2814.584630053557,2,1.0,22.178167274925137,Urban,642231.2185020193
973.8625114332922,5,3.0,46.94384875711365,Rural,384939.5524495809
3195.66474920384,1,2.5,14.747291202117102,Rural,651675.0772692038
1816.2777448355732,4,1.0,23.77318030845602,Suburban,515868.0268608333
800.431017614353,4,1.5,37.846382967072074,Suburban,372066.0677101315
2435.613245559135,3,2.0,34.45605452478791,Suburban,591065.5162916803
949.9261072883301,4,1.0,43.18205262085781,Suburban,335036.23085540754
1683.7425850268783,1,1.0,49.84045903405544,Rural,388352.2397976198
3062.3247598582916,3,1.5,21.34291643975448,Urban,687464.0030296451
1000.6067891899708,2,2.5,5.557543989165592,Suburban,349932.12807213055
3485.8831755392075,4,1.0,1.5207940403983988,Suburban,748380.9010480437
812.223752507466,3,1.0,36.343845306988584,Rural,288326.1494863764
1589.8363814460872,1,2.5,43.70068356543578,Rural,389353.9672307482
3170.8929796866287,5,1.5,11.035629297220934,Urban,803309.9407072825
1812.0644791337818,5,1.0,7.922401859495299,Urban,536253.4804983346
1126.0556418112433,1,2.5,3.1102545762845493,Rural,384767.8614892285
1952.7485401613692,1,1.0,41.13514608586032,Suburban,430431.9439044937
1665.2585164304817,5,2.0,15.569096994629216,Suburban,473891.9807210361
3496.6780869137756,3,3.0,20.084844637988823,Suburban,749302.3483404708
1802.713336272458,5,2.0,25.137509580480614,Urban,573803.430723742
3324.5839096832233,1,1.0,41.97266171047754,Suburban,648608.3151285906
3653.990863394351,4,1.5,32.54166107807425,Suburban,776145.9924043575
2188.215742644895,2,3.0,30.753231492890563,Rural,544049.2100807312
3711.8180603340543,4,2.0,8.783604997795535,Suburban,787262.378273598
2007.4177726822172,4,2.5,25.659494585491487,Rural,506918.16271499614
3885.0509327683462,1,1.5,35.76905085893276,Suburban,694214.0168703907
1085.7264784818335,5,2.0,48.66304415152459,Urban,436737.5690456061
2998.4616528103766,3,2.5,10.070315460667612,Suburban,698448.617133481
2380.204929462172,4,1.0,0.47716765336133227,Suburban,616032.9021577867
2040.4761774580707,5,2.5,3.765071679923487,Rural,551146.1304576516
2824.678011995523,3,2.0,18.79262325909896,Rural,597824.0994218324
3052.34269322986,4,2.0,41.02723238729936,Rural,635431.8054285129
813.962462880989,3,1.0,0.3571040884122523,Suburban,328285.819896562
1334.2498839910359,5,2.5,22.836529644292014,Suburban,495880.13113262044
3081.7473620298197,2,2.5,16.461530767069725,Urban,718303.1080130532
2932.4333234502606,5,1.0,2.624085504986379,Suburban,693076.5002001463
3891.352016411767,1,2.5,22.511814333630863,Urban,799676.027993334
3235.3209288025055,3,1.0,12.737435366835943,Rural,668993.4590305851
3842.4726647402817,2,1.5,17.59424171735032,Rural,763562.2532093251
3048.129604911382,3,2.0,35.28076523921465,Rural,624176.7607426527
1753.767067646218,3,1.5,26.077549195548354,Urban,509492.539870863
1137.1677512027406,4,3.0,6.232371449640667,Suburban,422348.7252790826
3301.836362703794,1,3.0,48.07072702118195,Rural,663323.0279552502
2861.277508722931,3,3.0,31.79553828548692,Suburban,643847.629859066
954.195239658548,5,1.0,38.29342128312658,Suburban,354034.3455936902
1952.1614908831307,5,2.5,3.9606575004185407,Rural,593623.5004770441
3861.7594095497157,4,1.5,2.3529189730009445,Urban,857949.9161573318
2401.283666272644,1,1.5,0.9724025184040586,Suburban,545276.5200015213
2184.7332352630547,1,1.5,9.439701388672223,Rural,510933.85006781126
2264.6387365097407,5,1.5,20.720419885924755,Suburban,564675.5691990387
1468.4247168165239,2,3.0,46.79130667014114,Suburban,430609.67263754463
1979.8629467673447,4,1.5,22.852982963288817,Suburban,523837.5649236439
1983.4024191589651,4,2.5,14.51275526862647,Suburban,562513.3619185869
967.5360645999117,5,3.0,28.096762675983168,Suburban,381076.1777935418
3256.216411257338,5,1.5,5.596728906739462,Urban,772687.2136192013
2132.814182092413,2,1.0,30.47529455024916,Urban,519538.4355505224
3430.9756378125544,2,2.0,28.421597716525167,Rural,711830.7322277285
3521.1136035836653,1,2.0,39.59965167028548,Urban,727175.6101460139
1478.380975035706,4,2.0,49.3343805808512,Urban,449573.22492215637
2903.5311429444114,4,3.0,12.543673585805525,Urban,729344.9530023237
2311.3017733215415,5,1.5,25.48282254018803,Suburban,618843.8254925829
3616.501561348752,1,3.0,45.44327031595018,Suburban,708032.1942179115
1490.370173364653,4,2.5,39.25949422114206,Rural,430618.73257484974
2969.0022409921417,1,1.0,24.37031515504038,Rural,553185.9281387227
2744.806791208712,1,1.0,47.26858248073889,Rural,528870.9894937117
1744.964728229865,5,2.0,2.861834675840469,Suburban,504090.3337849488
1237.1228916837524,1,2.0,46.5499309856292,Urban,361731.8091862695
2885.247233527285,2,2.0,2.5253696191403274,Urban,695024.4182748074
3163.5118660234584,2,1.5,27.365237205734218,Suburban,617268.7531968482
1810.00750004272,3,2.5,44.52204740005429,Rural,484163.2540987695
2863.464332871404,5,2.5,13.13604717806514,Rural,682279.1402195215
2064.4189043568103,3,2.5,23.612424947257928,Rural,518007.1133637315
3082.2620265043765,2,2.5,16.21644395684833,Suburban,663574.4644160372
1437.4888796609698,3,2.0,47.60719585381757,Rural,358751.3984443547
3648.688008435758,5,1.0,41.18227973765454,Rural,740461.1380417844
1719.710708689855,5,2.0,35.45007556631898,Suburban,544454.732106149
1976.9151608196894,1,2.5,29.381349330755434,Urban,477735.014867129
985.8942466571193,4,2.0,41.029589466207405,Suburban,335083.7002978495
1156.8390794280845,1,2.5,19.613352076177353,Suburban,364238.3303861774
2450.75808867945,5,3.0,22.377592755303095,Suburban,638520.5902431681
1656.2965655295088,2,1.0,36.500086054043074,Suburban,410477.8029594703
3473.5367223750222,2,3.0,17.88773816468571,Urban,763431.7290586128
847.0188436958523,1,1.5,3.195047102418691,Rural,314241.8316658823
2013.100955750196,5,2.0,3.716730444303573,Suburban,566505.1409225195
1879.5057496610966,2,1.5,5.768140065285193,Urban,517545.92654953164
861.8484189363234,5,2.0,43.48406616718314,Rural,371270.6899158654
1197.9788768016329,2,3.0,23.611321287810217,Rural,356179.7368973388
2123.656559739633,5,2.5,35.64411846723682,Rural,508960.7386149355
2377.166670231829,3,2.5,19.645466780244664,Suburban,597845.703596448
2093.727191215581,5,2.0,12.935547370781725,Suburban,631182.7828236149
2499.0005709187003,5,2.5,17.359608378110597,Rural,629843.3841867181
2704.421359698181,1,3.0,39.70911726585918,Rural,569992.7307101871
831.756227609074,3,2.5,31.26080625157191,Rural,320086.4592279094
2285.1045102512126,4,3.0,46.8819889978951,Rural,587644.904369992
3883.1975708402824,1,1.5,33.985238928841696,Rural,724439.2580383033
2460.903296414556,4,3.0,28.5090815877347,Rural,596895.12967415
2968.1352558686503,2,1.0,30.509800449291724,Urban,662927.76421639
1797.9643453340263,4,1.0,47.11857197342073,Rural,442890.6205827468
3276.77241008884,5,1.0,39.4100464933353,Suburban,691411.9409984736
3273.348742003568,4,2.0,1.2020618683218909,Suburban,767446.2570231273
2468.1473524932444,1,2.0,26.70698480678486,Suburban,531684.173913759
3923.2442344934834,1,2.0,34.41692057732824,Rural,719560.5140431741
1201.7606872404908,4,3.0,37.434923921957754,Suburban,459830.1423355797
854.2325276466592,1,2.0,10.657105965696834,Urban,338905.83711684775
3264.5062776227073,1,1.5,43.35886772256761,Rural,633701.5955667852
3382.8977195676243,4,1.0,47.79215735875819,Suburban,705233.065396541
1184.663133185844,3,3.0,11.835765292243488,Urban,428137.3148782265
1649.8650654675394,3,1.0,44.13077287586229,Urban,467137.65934470703
856.1675627732125,2,2.0,4.84893812580477,Suburban,349867.7759659116
1738.587554497807,1,3.0,2.7853418057622594,Urban,484815.19473611016
3274.053996539749,4,2.5,6.461190005137468,Suburban,760810.7162329517
2457.4736886802525,1,1.5,2.8870539733518,Urban,572947.7974460861
1913.905898138522,5,2.0,42.2506118577888,Rural,487745.3656608189
1989.565743700257,1,2.0,2.9525072229135976,Rural,456369.00924508244
804.331602289498,1,1.5,13.583209568182774,Rural,289967.7031945015
1759.361688208755,3,1.5,5.187817176792819,Rural,468561.81745595153
2868.6679732413777,4,2.5,14.771101815688247,Rural,698063.1745513977
3917.422220212343,1,2.0,4.527973380046024,Suburban,782226.1973850463
3510.5946463484784,3,2.0,33.4001625371507,Rural,702484.9685460494
875.5038868656932,2,1.0,6.6663408171287575,Rural,317815.5949856035
3675.3939349594857,3,3.0,42.59229629194439,Rural,722831.4475204863
3306.234922555603,3,3.0,40.85955253633205,Rural,693393.0610365144
3297.2035954271373,3,1.0,0.683084273530471,Urban,750280.7905701055
2265.586428811429,1,3.0,44.78631777575573,Rural,498965.09269866475
2073.616937454409,1,1.5,1.447215837168353,Rural,513151.32339138817
1769.3303322662164,2,3.0,11.98228924787783,Suburban,540367.6031089437
1010.2235486539705,5,3.0,1.619456888799753,Urban,483342.02283612156
1530.353163179837,5,1.0,16.792174351965798,Suburban,501336.72668072017
1589.1316319296789,5,2.5,25.69332628566358,Rural,536045.671696933
2349.046623072645,2,3.0,39.832243450756906,Suburban,527400.2330538104
3191.8221011094206,5,3.0,16.89907752349181,Suburban,759486.7858184214
2316.191450873429,5,2.5,35.27450123365583,Rural,575094.2857556252
985.1022382309139,3,1.0,9.375222855949017,Urban,405243.26708390954
3864.9273631622523,1,2.5,37.52992283720632,Urban,780141.560026664
3816.717821101159,1,1.0,11.799830295461877,Suburban,729339.1964716333
3312.606538074907,3,1.5,7.177237797188396,Rural,707432.6992409886
3972.249285005506,3,1.0,9.270442518702716,Suburban,832505.4050252408
2542.3434649608416,3,1.5,9.10315644409277,Suburban,578673.8706795322
3880.8587208102595,1,1.5,25.643143968849557,Suburban,733038.7730399098
1041.9361299736024,5,1.0,42.2398790594073,Rural,345105.0387357969
1970.1783944363883,3,2.0,3.9802538496252815,Rural,523074.43642557116
1521.2200576216505,2,1.0,35.34781592467113,Urban,447645.5143108757
1426.6658692296642,3,3.0,32.717322982642884,Rural,381087.86809568654
1250.5694364565634,4,3.0,43.62599759146812,Suburban,420847.3891465881
2791.7236530111895,3,2.0,12.207378025345362,Suburban,628066.7555808295
3300.229938391376,1,1.5,22.505492934251482,Urban,710137.0533210546
2650.5548781451544,3,2.0,46.29136872217587,Rural,571552.4974881723
1270.280670682271,4,3.0,32.99967250676586,Suburban,435155.90687712276
3395.5960637871067,2,2.0,19.438420643079844,Urban,734874.249020945
2835.0550629239315,5,1.0,6.570619142763423,Urban,731172.0163596232
2042.1302596063856,3,2.0,13.124250395029552,Suburban,574167.919161884
2957.2169457154014,4,1.5,29.060773874469163,Suburban,644328.4613852121
1631.6959335770653,4,1.0,35.90839737802568,Rural,419794.87029864104
1904.6150671814737,2,2.5,6.221094342594674,Urban,538401.1237857204
3735.9546980223686,1,3.0,29.9798630022027,Suburban,729085.2947351142
1729.6144181485452,3,3.0,27.51756394193755,Urban,530596.2741883497
2303.962458105397,4,2.0,25.6977723345354,Rural,586778.945562961
3648.451639667247,2,1.0,34.506155884100394,Suburban,706830.0638210576
3064.708320856088,5,2.5,41.87247975417309,Rural,675063.0230414106
999.0503237270489,4,1.0,16.149484158843418,Urban,398212.4839671595
1271.369741692705,2,3.0,44.45060950554797,Rural,368335.2160276182
825.0930904701338,1,1.0,8.031680630927534,Rural,292029.0267374963
2818.949728733323,1,2.5,8.651193487558217,Urban,601634.9246414569
2232.554961313339,4,2.0,13.338603181196195,Rural,547195.5306388023
1229.6795228872816,4,1.5,5.976543477353891,Urban,447893.39797832665
3865.3891873816656,3,1.0,11.515961234143878,Suburban,777352.6302381682
2494.9111166259836,2,1.5,5.32058814514223,Urban,549121.8815016962
1574.0585411612453,4,3.0,41.08762084926952,Urban,457253.7110178234
2401.9314276950645,3,2.0,6.94844959433123,Suburban,567234.0940482412
2974.785064752345,3,2.0,37.36487787799284,Urban,671547.1978177946
1043.9654975154062,4,1.0,2.395693395666687,Suburban,390475.0873620181
1679.0522081532545,1,2.0,47.42601637569576,Suburban,391800.43319672096
3382.2895708287797,2,1.0,35.55800437638831,Urban,717715.7304637856
2270.9275852885157,2,1.0,0.3398274293055892,Rural,546221.983662447
2549.0468545033436,1,1.5,38.1928250100107,Rural,524662.5762351285
2185.0112070703017,4,2.0,25.704096038309267,Suburban,564449.9906766091
940.4798164576164,2,1.0,38.96825851675599,Rural,274970.5029332182
1330.399295424499,4,1.5,26.124840444529422,Rural,396195.2072560149
2225.7332439740508,4,2.5,32.051242881767735,Urban,560155.7560518355
1469.393489305369,3,1.5,39.316582769752024,Suburban,408577.4119904867
959.932891710972,1,1.5,20.255402729392834,Suburban,331949.3568214769
3499.678924965836,4,1.0,0.1354074910226044,Urban,821903.029189344
3939.8160933251706,5,3.0,42.497324797259424,Rural,823579.4920434069
3338.057196789566,1,3.0,19.04451813123313,Suburban,706497.4380273956
3532.1117494549344,2,3.0,24.802136300829154,Rural,667894.8412601871
1574.3268170145452,3,1.5,0.38833210769843585,Suburban,459602.1240365149
3874.006321642239,2,1.0,24.6046005175049,Suburban,752369.1001261658
1430.1622542509708,2,2.0,49.324370078586476,Suburban,415023.3343435668
3844.5753931578633,1,1.5,13.913383040938482,Suburban,763131.5951511693
3983.4217406910434,2,1.5,19.770913512118902,Rural,785127.4560491497
3077.512978387356,4,1.0,34.35949982343383,Rural,666114.0131546494
3939.6599417338302,2,2.5,40.73968337618293,Rural,763618.1625305361
2622.5272946147315,3,1.5,20.869581200305014,Rural,620656.8196088872
1630.5337061634891,3,2.5,15.483443520064627,Urban,455491.0214451573
2198.3868341299867,5,2.5,46.89128999925335,Suburban,573290.9432945531
2699.394993212115,3,3.0,33.85724833358346,Suburban,648648.057681025
1033.860998486448,2,1.0,5.951065224657054,Suburban,316300.2154844572
2791.4984467751874,3,2.5,3.446393906732431,Urban,704536.7301849917
3939.7690776393424,1,1.0,24.177492539518454,Rural,721564.6042810765
1408.3444793079284,3,3.0,11.004503302363622,Suburban,457443.4871706664
3336.3043721228264,4,1.0,12.699237668812675,Rural,702139.2305307027
3705.276140094782,1,1.5,43.884608941392415,Rural,708589.8456038054
3819.845097024707,5,2.5,4.4783012158155335,Urban,875231.2257134191
3872.433934097431,4,1.0,35.768205761444484,Urban,832012.8214803144
2468.67084390871,2,2.0,13.557112669029403,Rural,570450.110642564
3927.385305572812,2,1.0,38.016411070206885,Suburban,740215.535084538
3223.3926628302042,2,2.5,36.12056922317723,Suburban,684925.5140092638
1317.348595958278,4,3.0,0.36959507221465127,Urban,483961.31316127244
2326.0803406975037,4,3.0,25.456770646079956,Urban,624737.8423353451
3098.6597611904126,4,2.5,6.965974118902318,Urban,744201.1028298636
1591.4890106210667,1,1.5,43.31135152893384,Urban,430910.2373920016
2849.9685873564395,1,1.5,43.57929414312033,Urban,612222.439375094
2933.1215329491815,2,3.0,20.9172903746879,Urban,678436.5085955944
1320.6391801874108,3,3.0,22.219780922554026,Urban,442161.8605624444
2608.2729998488203,2,2.5,15.164146970226355,Suburban,578196.9732104824
3269.2061151315447,5,1.5,35.83031494800155,Urban,754763.730707544
2396.4661265150144,1,3.0,17.933068151322956,Urban,568891.0329628942
838.7299736835438,4,1.5,13.389623726131688,Suburban,327359.9491749234
828.923101053735,1,3.0,21.61155297522541,Suburban,291126.3413629098
1942.4939007040389,4,1.0,4.574375919372936,Rural,549317.2152970672
3763.8210189817023,5,2.0,37.33016023221019,Urban,819043.4649152562
1531.7656947315481,5,1.0,0.6298200635893481,Urban,540778.2896963508
2829.963804389399,1,3.0,32.2242530760297,Urban,625137.3230384144
1510.6427862186258,4,2.0,9.14322633774362,Urban,527244.7442982665
1829.3439669105555,5,2.0,11.620202310720657,Rural,551124.6730753502
3513.734686724749,2,3.0,31.781599932001996,Suburban,713764.6945386971
3132.35661526383,2,3.0,49.64717328914536,Suburban,615446.8056642772
1105.277687402274,4,1.5,38.88587445362754,Urban,366339.3691161071
2171.8464671565876,1,3.0,11.2919816111696,Urban,538311.7583832045
893.3432436648463,5,2.5,8.80123775205669,Urban,475492.93730882107
2338.848469129629,1,3.0,43.311643513383515,Rural,499304.38535761
2919.788837443418,2,2.5,22.209197396075215,Rural,631164.0072219066
1179.208395514085,5,3.0,6.8526401414077736,Suburban,491095.35650977277
1724.43180450933,1,1.5,43.1105711660969,Urban,435260.6267725363
2073.0772016069022,3,2.5,40.80461764571307,Urban,544174.7833657376
3742.499278899359,4,1.0,49.19531819485818,Urban,794632.8375189486
3978.416049353485,4,2.5,45.4871843356342,Urban,849554.6181775882
943.7161567859707,3,1.5,42.589516933027085,Rural,314478.5644847989
3235.2253551852546,2,2.5,2.6287198905501574,Suburban,695726.0965232892
1989.5170124874983,5,3.0,5.220768474905901,Suburban,589776.5612155279
2055.8661959343362,4,3.0,28.44915971520614,Rural,561818.765616607
3213.647914710473,3,1.5,26.573962314091045,Urban,748613.3166324544
3738.964582865308,3,2.0,22.898160724476774,Suburban,783792.0595366976
3842.9715024081547,2,3.0,19.83946627072921,Suburban,806709.4817924135
2646.7922753226267,2,1.0,21.560524243216445,Rural,570852.9311984337
1942.787709761609,1,1.5,28.46489670673976,Urban,478706.6724694295
3320.1570747480937,4,2.5,0.10382588000406034,Suburban,775704.8769044636
1603.2044264393608,1,2.5,13.03543870664261,Urban,483731.8819455112
2605.036892267257,3,1.0,25.913986034435553,Suburban,572114.31108527
1947.4510768795942,5,3.0,36.11080493368231,Rural,506978.9225519987
2901.2194358652036,5,1.5,8.707834619769816,Urban,713314.9157672814
1569.2765212592221,2,1.0,27.344058689371646,Rural,402280.65836550575
1413.0974263514424,5,3.0,35.72298419428909,Suburban,488639.0621108519
3738.3650773613986,5,1.5,22.231382895695234,Rural,776233.2222114047
1125.771785438518,5,2.5,1.3540566835025525,Rural,390240.1806797789
2419.0653047517812,3,1.5,22.463407923281835,Rural,547707.4146560649
1506.7289054816285,5,2.0,14.822244387207656,Suburban,487308.8069218719
924.5758826421359,5,1.5,46.48248038506642,Urban,366458.43234302517
915.2602185325644,5,2.0,6.230669283916368,Rural,380936.5449196221
1360.7096707386474,1,1.5,32.62379777536161,Urban,406328.3210371755
3573.665134419201,3,2.0,2.6359883167250575,Suburban,774976.1832380772
1703.9319807264853,2,2.5,22.308521890634825,Urban,492693.7175905243
3841.4693458409465,1,3.0,27.69897436100403,Rural,741407.782882927
2661.1913375654194,4,2.0,14.897746565843272,Rural,614198.7458498032
2197.1654072600513,3,2.0,22.75378177601922,Rural,524563.0647245056
2656.284270942255,3,2.5,8.177689726509369,Rural,632742.5547984226
2453.434832724057,4,2.0,15.206192473401808,Rural,567982.6282083824
3228.0840120234407,4,1.0,31.055316245510152,Rural,716160.6907546461
1703.987411113127,4,2.5,15.090002793057755,Suburban,519505.2787875593
1929.7612531209677,2,1.0,44.98715392044358,Suburban,438759.43196188734
3661.1017681064022,5,2.5,31.420347882049487,Suburban,821513.0596916408
3828.6608420812977,3,2.0,21.932450921799223,Urban,841813.6567318576
3656.1863279567183,5,1.0,1.9378467777091235,Urban,829883.3414237499
2142.2335806634037,5,2.0,24.977416760233563,Suburban,572025.9245439757
3297.169609622021,4,2.5,38.23881210625446,Urban,778706.1136065087
2324.2743465635162,2,2.0,13.277879900620682,Urban,622742.7750222686
2392.127526867527,1,1.0,40.33867848243837,Rural,489069.1636990528
1454.9763489833085,2,1.0,12.590338302544074,Rural,372491.8271031727
2691.6169704272525,5,2.0,41.18731939754002,Urban,658143.1830680566
1395.6348728107134,2,1.5,4.26341708058387,Urban,463242.12873040716
1861.0070370150202,4,2.5,43.309185443451476,Suburban,482737.56418852566
3536.0966451837926,1,2.5,24.959322546666524,Urban,733789.5102357221
1462.6425894747367,4,2.0,14.8268794810131,Rural,455421.20656883
1027.706512554985,1,1.5,13.255662520757438,Urban,339946.020634337
1020.8242963610121,5,1.0,21.600527946518135,Suburban,418451.80774515524
3810.510465609945,1,3.0,49.95247490518225,Rural,735503.445240397
2422.145401477871,1,3.0,11.016369671879128,Rural,592496.3587403074
2110.1186298144585,1,2.0,5.160832443949981,Rural,511986.1799453742
3394.811459225339,2,1.5,29.251758435933095,Rural,658252.1677365468
3474.642969313651,2,1.5,24.427123322012857,Urban,744876.7032932186
1863.0113059699347,5,2.5,26.209813553165368,Suburban,560502.315812642
3019.5777839161447,1,1.0,33.346770877860855,Urban,650379.4729920678
3267.593010726037,3,1.5,13.357203493532467,Urban,718744.9051575584
2894.8821979710547,5,3.0,45.53324976919442,Rural,650772.3258793543
1285.104239360318,1,1.0,21.783603306114518,Suburban,333189.29021575296
3602.8258672545826,1,1.0,6.454309757123089,Rural,736064.2102138416
2525.102568755228,2,2.0,37.114937836697216,Urban,599108.0239534277
1703.9117643840118,5,1.5,32.155217630892516,Urban,504507.17454253504
2160.7301934006205,1,2.0,15.787170124201854,Rural,495866.1376610336
920.2274892765037,1,1.5,31.075936201702426,Urban,321984.4409217526
1209.1737639117362,5,2.5,10.993097818448843,Urban,463431.3373889979
3249.749601650755,3,2.0,22.241967967026476,Rural,690944.1511597187
800.0372312171717,5,2.0,44.97062610836626,Urban,383848.86432861834
2133.010651143335,5,3.0,6.676711658037471,Suburban,646899.9479065007
2472.032579473883,3,2.0,19.3348224993731,Rural,563356.3139063838
974.8301440031114,5,1.5,41.057121236017366,Suburban,343479.41388054256
3913.850121511465,1,3.0,48.474544970308905,Urban,757623.8985492914
1523.6010599989502,5,2.0,22.696306821089795,Urban,492990.90371010825
1773.4359028360986,3,2.0,25.349981007167372,Rural,457126.8608975895
1772.6160392160873,4,2.5,28.608598089188487,Urban,508853.7332106817
1537.3333187755197,5,2.0,46.61740708168554,Rural,465425.0308510212
804.7162306761966,2,1.0,42.91033954885149,Rural,245476.4397923884
3133.903341081588,1,3.0,8.530056231082217,Rural,661955.8042971406
3893.905599357713,1,1.0,21.83789089235375,Rural,772251.7926817468
1517.739146512144,2,3.0,23.200021409821314,Rural,435532.2160022728
2921.751013770952,2,2.5,39.454805582437835,Suburban,635322.9867174522
3174.0682462678883,5,2.0,30.144644130271764,Rural,748111.9168248146
3514.961213089679,2,2.0,32.71102310145065,Suburban,739446.1501467406
2152.4134304435493,4,2.0,49.90999538328088,Urban,569254.5065303035
1769.3788980493737,3,3.0,3.748002173500653,Rural,495444.295535016
1840.9444288736995,2,2.0,11.15049117668665,Urban,509537.3956585724
3080.388265915241,2,1.0,20.39479686857734,Rural,630237.3656653847
3413.694292818035,4,2.0,17.38912015244436,Suburban,746636.5128188187
1381.1646968211285,1,2.5,1.0822780673491794,Suburban,417833.1566934786
1987.0112261048487,1,1.0,4.588880323558792,Suburban,485477.7575331216
3686.2086295972804,5,2.0,34.04766457017881,Urban,798991.0605262486
3381.4192630231655,4,2.0,43.96622316812803,Rural,740887.5162845928
3951.5468888399228,3,1.5,25.71135056329888,Urban,832716.6330241552
3213.594430982658,3,3.0,26.95955397568165,Suburban,704823.9514327047
2058.224643289351,4,1.0,12.75467164161897,Urban,570402.5444263729
2690.0410687828407,3,1.5,38.39381818168557,Suburban,616219.7199589126
2915.245613591425,1,2.5,37.58972936836282,Suburban,577863.3844186331
1051.0586122147965,3,3.0,29.41828446088283,Suburban,381139.2928417317
2542.3902691323683,3,1.0,10.633214325567142,Rural,557008.2105470415
3069.8266511123506,4,2.0,4.850910911854473,Rural,753763.1631745105
1335.4281728033932,4,1.0,3.2119287928562947,Suburban,444866.018083025
3298.0214957617827,3,2.0,29.63480333214389,Urban,706513.5080801334
2668.0728976451574,2,3.0,41.25176595714,Urban,690948.5043035814
3847.109714232303,4,2.0,42.91652158904624,Rural,768429.5639701914
935.7513542620534,5,2.5,23.18110371717249,Suburban,400500.00106061134
1649.0436401774944,5,2.0,39.21356496533585,Urban,510407.0162615811
2724.972413759437,1,2.5,47.34400981705118,Suburban,551942.7911154837
1748.991719058978,3,3.0,13.7585056244034,Urban,533537.2925843662
3086.1573250279753,2,3.0,19.89801731903786,Rural,618810.778107958
3228.816904070179,1,1.0,46.57394962983403,Suburban,644466.5536382386
1128.0510850127182,3,2.5,16.911548365864242,Suburban,377240.016971299
2444.3342854616567,4,2.5,45.693814516089816,Urban,605149.8978569524
2428.4497778913787,5,1.5,49.05224311272329,Urban,627745.6170447066
1981.6984646897315,2,1.5,33.09053642872124,Urban,497575.0129086162
3785.3595602229507,5,1.5,40.84451447520841,Suburban,796188.4646162818
3448.020223594308,4,2.0,37.47727821105426,Rural,704484.2064734965
3031.0700221108377,3,1.5,34.97671288077619,Rural,679096.7547852586
3085.845234351992,4,2.5,15.346553649061628,Urban,750659.879147869
2277.491660201981,4,2.0,2.8547168953971855,Rural,562113.3331695166
3747.182467509043,5,3.0,17.15258662598253,Urban,868488.432421531
3022.705367210513,2,1.0,33.34679926019533,Rural,586989.6459283555
3132.7393972986124,4,1.5,5.126459911390069,Suburban,751732.7355631909
3557.4108921195048,5,3.0,0.5958991489121046,Urban,857008.4938831845
1677.0290858950111,2,2.5,6.984618630146933,Rural,437558.81369596336
3382.6268923734497,3,1.0,35.786796320539764,Suburban,710559.052247956
1424.7699294607746,3,3.0,48.6396850828222,Rural,399514.2908953277
1905.094247183641,1,1.0,49.153234980741026,Suburban,395846.3289863555
1873.9534536634967,5,1.5,24.698957457009396,Suburban,536514.9872705194
3931.2814988452496,2,2.5,43.46761504961737,Rural,765781.446459928
3540.9191159933657,4,1.0,36.8413227875752,Rural,747051.2172627776
3043.743557088831,3,3.0,25.052011849230173,Suburban,687799.5928524506
3126.5816371692486,2,1.5,28.638026647754337,Suburban,654990.4246668039
2598.6329420882275,5,1.5,6.861357330843553,Suburban,658636.2447132943
3830.6901347472613,1,3.0,46.8830730308296,Urban,799626.1070714003
2388.028009223557,3,3.0,17.59648853658884,Suburban,589406.2423814633
2017.6566715836625,2,1.0,22.307462822858476,Urban,519730.1372908055
1321.713078181091,2,2.0,33.583011549894934,Suburban,397008.85921758093
3315.8580872353855,2,1.5,16.695123576327696,Urban,725179.1198935952
3150.2205826418926,5,1.0,12.712958049446527,Suburban,717862.0372256459
2029.9361232772317,5,3.0,31.55246966351103,Suburban,570350.0289742238
880.618924669534,5,1.0,1.2492041140924726,Suburban,393970.47935768066
3484.791448697634,4,3.0,36.03625560133394,Rural,785866.6689055472
836.5375470530356,2,2.5,25.701168493825488,Rural,303124.18785550375
3051.839294812963,3,3.0,30.28768652604672,Suburban,664236.6371708532
3904.8227511233827,5,3.0,31.594007962344257,Urban,874005.3708775017
2200.516250074251,5,3.0,26.352507824628184,Urban,622190.9657379361
1551.9148959870488,2,2.0,29.126688872036798,Suburban,427597.41592939314
3055.5872321388215,5,3.0,34.18941004449373,Rural,694999.7427323029
3414.8100544498725,4,1.5,37.65594235898371,Urban,754273.0354071547
2548.5770114491115,4,1.5,36.37261956430603,Rural,586006.072932485
3894.5128808196678,5,1.0,43.48082288661308,Urban,848815.9030235372
965.3399093054755,2,2.0,9.472171658370138,Suburban,357188.94241163426
2415.34591457449,2,1.0,20.057398474589878,Rural,534293.9893242155
3099.05263143216,2,1.5,47.38980330072285,Urban,665295.0190082714
3560.449507677373,1,1.5,19.829528719316485,Suburban,724090.9986959198
1373.6179581049282,5,2.5,6.243503845296133,Suburban,467625.6741179115
3360.0111416437803,2,3.0,26.272256318108976,Suburban,687683.0037311217
2568.662642299345,4,1.5,5.474548627723108,Rural,651234.4403048549
2068.971782367882,3,1.0,10.14266193639326,Rural,524284.6141773522
1221.4880914530995,3,1.0,49.91593782854783,Suburban,353919.54316282907
3568.9464285085196,2,3.0,27.0681319198066,Rural,728667.8710891339
1303.274266175089,3,3.0,14.202919452021451,Urban,453436.98660764535
1791.3211494691177,3,2.5,49.7387477286953,Suburban,470685.0391805034
1728.1457022797981,1,2.0,48.32794592775716,Suburban,391457.16562611883
3588.524909410734,4,1.0,22.036952054213177,Rural,763045.1240591954
2952.6495814684736,4,3.0,13.02015543939542,Suburban,708386.3497534456
3349.3804710123914,1,1.0,41.9199819046095,Urban,674719.6306679163
1601.4972761359968,1,3.0,35.78103584858929,Rural,386564.70791823976
2799.5971187423966,3,1.5,34.347071750175516,Rural,613577.8379966365
2629.5871460599956,5,1.0,44.655687066123626,Suburban,597362.951979955
3465.0572057224676,3,1.5,34.47085669356623,Suburban,703944.7069666282
3699.4785935400337,1,1.0,14.189897152077457,Suburban,727484.3303477626
838.9016687276378,4,2.0,34.693158093786614,Rural,386288.73020767205
2956.8637409881367,3,2.5,15.290675564183198,Suburban,679168.2082511334
965.8745571831329,5,1.5,37.961948982849755,Urban,353043.21700126876
2556.3477282475387,3,3.0,30.9873927245783,Suburban,594614.7388453375
1720.4247329397704,2,2.0,3.870577599237529,Suburban,487867.7145861394
1781.6851184708519,3,1.0,25.641768121757103,Rural,429041.78074918827
1929.467211047541,1,1.5,17.165048459787048,Suburban,481377.0820202573
2788.1358369587524,4,1.0,16.428531636614714,Rural,634968.2554024988
1868.9598901400614,4,1.0,30.112815118862862,Suburban,515057.7122539619
3144.636961888897,1,1.0,16.116241223471246,Urban,654402.2208748434
2094.487633836383,2,2.5,38.84468741024364,Urban,515092.7793665595
1018.7302409918675,1,2.5,3.539571800558722,Rural,353069.66751391167
3308.0314959491434,3,3.0,33.019412619791275,Rural,703034.7442731371
1714.4266386966592,1,1.5,40.45974018283706,Suburban,407843.79938593635
2184.8540147176404,1,2.0,33.6415844960215,Suburban,525465.9150906058
2993.420426310085,2,2.0,24.86145975099979,Urban,681234.4227367487
1863.8597028758784,3,2.0,47.51535068680906,Suburban,432265.14541065815
981.07409966949,5,1.0,14.99692448990318,Urban,438145.552910848
1996.5473504410036,5,2.5,0.9583943762488889,Rural,585003.084198204
3822.235464621771,4,1.5,21.599468573172043,Suburban,827934.0768645622
2853.550071355386,1,1.0,1.6505967950163625,Rural,577587.9455168215
2948.7332757350623,4,2.5,47.69683762632044,Suburban,668609.2702381414
2823.3028916404473,2,2.5,10.495902287402576,Urban,667732.1318835282
1436.7748446701976,5,1.5,39.446351197443974,Rural,414417.2385534906
2138.6683651272965,1,1.5,38.72860415871824,Rural,478506.9819685078
3203.0073547626184,2,1.5,10.886444984146676,Suburban,677233.7382440586
1124.3932721701094,2,1.0,31.061326524008365,Rural,350652.3121265547
1689.1288834870793,1,3.0,2.4039484243225107,Urban,476108.20839738986
1684.2211470907316,2,1.5,24.178729285193373,Rural,396742.73336242844
2182.4605683024192,1,3.0,0.7323563636243369,Rural,521785.4052411157
3937.179971014992,1,1.0,46.05719400904209,Suburban,734158.0652944557
1016.0081493882302,3,3.0,48.80430120997858,Rural,332913.00265387766
2459.843182017904,4,2.0,11.114138331929263,Suburban,556573.2015955918
1373.9669824390735,2,3.0,10.405301729818639,Suburban,438362.7285344178
3906.1649453111813,2,1.5,37.68600882810648,Rural,753318.3467790113
1162.5712151278854,3,1.0,12.668969941466724,Urban,425460.05789853545
2091.523207557092,3,1.5,44.75382795809225,Suburban,493864.804464456
3161.2319514707397,3,2.0,28.69645680614911,Rural,661787.3012668238
3054.574169687825,5,1.5,17.538881150515607,Suburban,741953.679758688
2152.7316380605835,5,1.5,41.634687317471005,Urban,547266.9646751821
1908.8773374486984,5,1.5,24.67033502066976,Urban,554218.9097232821
2072.3596113691856,1,2.5,45.58164568542378,Suburban,475618.3329425901
1645.6840421076458,2,2.0,46.40071183646905,Urban,457572.33107996266
1457.0654038617595,4,1.5,8.271007606420467,Rural,451184.1466209298
2345.727032188448,1,1.5,0.11617030659651362,Rural,510803.03175243945
1659.3080194163435,2,1.5,49.19654700712011,Suburban,435551.9348657485
1719.8773276712004,2,1.0,45.30687680637397,Urban,442712.87058984424
2901.619403118583,3,2.5,2.772261785192071,Rural,631610.594552768
3899.3194614396552,3,1.0,41.651713197053496,Rural,757429.7390343627
2731.63904179,1,2.5,22.89024662796033,Rural,588861.147064969
1046.3342946078922,3,1.5,12.948080251248761,Suburban,415716.94300789735
1041.8675643330143,2,2.0,43.937326183846494,Suburban,340517.8354435115
3844.554306705811,3,3.0,9.833361619515363,Rural,777209.2729460539
1751.3305289834675,5,3.0,47.36499997100335,Rural,466396.5535603497
1094.6143554639214,3,1.5,10.281074384967054,Urban,436585.2680985865
2716.9426788812207,2,1.0,30.684159386437177,Urban,590801.1821787632
2795.6760905288515,1,2.0,11.154316726448743,Urban,602205.4755699758
2875.2154243798022,4,2.5,27.283433248431738,Suburban,691509.0977637073
1655.686489144132,3,1.5,34.19875649575707,Rural,422139.5006315693
848.3541894863201,2,2.0,9.511396541006878,Suburban,356682.0111651333
3888.04918225431,4,2.0,26.04428913503396,Rural,783868.6980965242
1602.857746211528,4,2.5,23.45298721950595,Urban,538951.9213855409
2963.284121768152,5,2.0,3.5518710701670617,Urban,763382.0213337212
3061.2155836118704,4,1.0,40.91539088376515,Urban,673813.2393259885
2752.0237346543545,2,1.0,16.784120032142084,Urban,592811.6308281183
1801.3036614836742,2,1.0,28.729109877593977,Rural,477569.71652003995
1667.5080120450104,3,2.0,25.73921174665672,Urban,485182.8360202319
2712.53850464865,3,1.0,25.663025228522113,Rural,575963.1175272609
3571.506027557413,3,2.5,5.361119710424372,Rural,790590.9497997776
3829.547932554866,4,2.0,21.17410046246664,Suburban,832173.2864890121
1138.8985740920243,4,3.0,22.61833796032851,Urban,471872.3790197267
1295.4515603127036,5,2.0,36.68214201822242,Urban,460665.4264783285
3823.156028105855,3,2.5,42.00094159603493,Suburban,816593.5564263158
3156.9127306713362,1,3.0,27.2491139050009,Rural,620075.4320846724
3625.580239455274,5,2.0,4.339147703249524,Urban,833456.8977838912
1448.4244292330982,1,1.0,11.842473529827313,Rural,383218.7659694351
2680.274787550086,4,1.5,8.246701342636554,Suburban,669656.7436746185
3043.646702135916,5,1.5,6.230753159456237,Rural,721039.4325714278
2976.3580334303124,5,1.0,18.29496493089038,Urban,716501.4253667207
2106.085410773434,2,1.5,11.469675107719102,Rural,492440.17916350643
849.2636534121871,4,1.5,10.915155590575615,Rural,377444.6095884395
2665.363381773642,4,1.0,2.7346587288133826,Urban,682357.7688027734
1609.924925374748,5,1.0,0.8835022397716941,Urban,513114.7607126192
2240.813587657249,4,2.0,5.13841213248909,Rural,557898.2380548377
3864.2592482682153,5,2.0,8.609873971181653,Rural,825119.2501802603
2076.913016455791,2,1.0,21.549186442410157,Suburban,481512.52871357097
3487.3651413261655,5,2.5,25.526013064942234,Urban,830675.576384912
1403.3299383976037,4,1.5,7.029595908668279,Rural,449684.54129533266
2951.873593680092,4,2.0,21.239167076209313,Urban,717697.6167838664
3926.422254204619,5,1.5,17.087442116296366,Suburban,848209.288750332
1126.0579227933977,5,3.0,9.171182174897801,Rural,444512.92055085895
826.6238151270145,5,1.0,0.34203740741817756,Rural,342015.1865548277
2187.464936424366,3,2.5,23.350893326087085,Rural,553152.5202912632
1096.401545764375,4,3.0,34.282587463259965,Urban,418908.0147895674
3194.82991896394,4,3.0,11.313866707190352,Suburban,742247.5144764008
3726.5557243153885,3,3.0,6.590341494833968,Urban,822929.5587097676
2188.8671126680283,5,1.0,44.35213722234809,Rural,536895.3609808896
1627.8772548974111,2,2.0,13.751238624389888,Suburban,461892.2281551017
2190.0906208211513,5,1.0,11.180630989633238,Rural,547155.8614830727
3115.033017120003,5,2.0,42.85484698049579,Rural,694455.0900723846
828.9733170571872,3,3.0,40.85535495833806,Urban,354510.5910251629
2686.252766351031,4,3.0,22.41732352623168,Rural,666949.766943943
2762.533391639613,5,2.5,24.461943071388724,Suburban,655125.5576149607
2840.6023900669934,4,2.0,10.887435241701098,Rural,640152.5978770669
1574.470655938807,1,3.0,3.9150835239778745,Rural,425064.110506107
3084.9687148100056,4,1.5,28.671591267783054,Urban,693060.8416534411
1092.4527562616845,2,2.5,4.917246079510656,Suburban,381963.04710000375
1437.6650766937626,2,1.0,22.463727347832492,Urban,412628.3240339176
3607.904149294342,5,2.5,47.02485992565054,Rural,768429.010022537
3163.9140823250123,4,1.5,47.64171945852922,Urban,724606.8334467057
843.9857728363048,5,2.0,11.96661432736793,Urban,421056.8437117633
1594.8040331833606,3,1.0,31.20567100228272,Urban,461262.02519155096
1486.1007455781266,2,1.0,23.703813205392883,Urban,408064.84657508414
1666.5802497183122,5,2.0,43.7842563793053,Rural,468521.5900021389
1592.1912648956366,3,2.5,13.571543213802661,Rural,449322.05708835484
1000.0841463771064,5,3.0,0.18512034162084245,Suburban,458460.3208877549
2268.609653109825,4,2.5,8.128060296570755,Urban,609372.048005849
3144.7471193157285,4,1.5,17.476140058469902,Urban,714522.8159886647
2741.5415190957965,4,3.0,15.78605648852443,Suburban,676793.7553187921
2953.1893395138554,4,2.5,39.5681459561443,Urban,735512.3160583928
1059.6773713159653,1,2.0,34.02803330694189,Suburban,321404.59991095966
3844.770272565719,3,1.5,14.977815980744863,Rural,782601.893028723
3483.1738682976793,3,1.5,22.887190858310667,Suburban,751049.3263534369
3376.2890191861206,4,1.5,4.777955197916761,Urban,789363.4756523069
3433.548176133656,1,3.0,44.90732224100504,Suburban,695454.4937866873
3784.6736260248363,4,1.0,46.77124122242671,Rural,749025.9536429386
2541.6126915638324,1,3.0,48.990176769046904,Urban,570737.0233099627
1440.902457176403,4,2.5,43.42764153929188,Rural,410104.756282638
2773.7075451281316,2,1.0,8.698044384811276,Rural,607085.5524704361
3177.220779737405,2,2.5,2.3098241600814418,Suburban,711044.3814005022
3161.3356587328813,5,1.0,28.9798363706337,Rural,709563.8029931745
2468.6368773340164,4,3.0,45.63025134415552,Urban,614903.19084488
1019.0679018674498,3,1.5,8.867568082987143,Rural,378095.3051847024
1987.561402976409,5,2.0,0.352145731207093,Rural,585448.760478213
3746.4531470827433,2,1.5,40.27480230161222,Suburban,709914.007395274
2670.236511223763,4,3.0,3.8397842143367003,Rural,650758.2408820797
2522.662218418283,5,1.0,20.68530159550152,Suburban,646214.5028064577
1660.3312460230193,4,1.5,33.94436685943925,Suburban,454614.2060469559
1979.0365437330524,2,3.0,11.839879272809007,Urban,555590.8528308156
3665.1074852901415,5,2.5,4.198128172336335,Urban,858239.5146612335
2932.6817520858745,2,2.0,38.50106142279143,Urban,653018.7878185599
3319.638485607465,1,1.5,31.508754244352073,Urban,684718.1446506119
2253.9053538164962,2,1.0,49.42452422434024,Suburban,508584.6985394196
2816.7911022597054,4,2.5,17.215401665997966,Rural,637372.9209556803
1594.8275479782642,3,3.0,3.088119314509985,Urban,497869.54799978394
3057.4746569071563,2,2.0,36.71750176676479,Urban,696193.9677746458
2168.3242678506795,3,1.0,26.08667094266228,Urban,591169.234834646
2216.1456474071856,1,3.0,10.660196569456753,Rural,521653.26176909386
2877.8314386460215,5,3.0,39.08644945023797,Urban,746893.5871896994
3796.097988700565,5,1.5,10.187774292497187,Rural,801291.4310723171
1004.820309147587,3,1.5,13.03308274164683,Suburban,359558.2459607721
3439.1783595104243,5,1.0,4.6264277183359575,Suburban,805400.076443135
1735.625953319018,2,3.0,19.97161395154272,Suburban,491454.40961877716
2220.5422544204093,3,1.5,20.946461196870946,Rural,561763.4189248357
870.1226520800286,4,2.0,25.728089517414922,Urban,399161.4236757695
1763.3474490698018,2,2.0,35.44821335618887,Urban,453802.98247399594
2408.4199764164177,2,3.0,45.30504643402129,Urban,580429.4971784949
979.7634475118048,2,1.5,6.886704944390432,Urban,401617.86295174045
2371.5063340261286,4,1.0,2.717404917432853,Urban,620353.841133563
3766.7540123469676,1,1.0,0.9265616797166643,Rural,728357.8698022141
1137.2582979449767,5,1.0,7.181068903440813,Suburban,438084.7438475882
3246.210329841614,3,2.0,32.897474289081295,Urban,707843.949876257
2110.9473708031765,1,1.5,36.37385389982483,Suburban,478678.26138292166
2896.555886477882,3,1.5,39.32528567640611,Rural,613928.1265887053
1632.757113552734,5,2.0,12.185410595217133,Rural,487919.86722272454
1310.3752401323466,4,1.0,15.294740663075995,Urban,470876.28999412426
1313.4803656679246,2,1.0,24.156732278274973,Rural,375785.08135092916
1025.5742260580628,2,3.0,3.1591548430113248,Suburban,378603.5673799655
1394.0694556839776,4,2.5,30.557076160562307,Urban,470754.11689323286
2925.5020319646983,1,1.5,49.18675168378789,Urban,601713.0411139601
3621.409957899226,1,1.5,18.040315568900127,Suburban,704898.2253311248
3405.202193891718,3,1.5,37.6423737545692,Urban,696672.5618810478
2992.4297915983493,4,2.5,25.0016957784804,Urban,706686.2180741506
1153.3819629155287,1,3.0,6.390592218019137,Suburban,369136.1522529977
1725.3998281470394,4,2.5,29.111872440129318,Urban,524495.9159386337
1791.3820010319007,5,1.0,14.993713422203248,Urban,552527.5627631467
1599.8622284723879,2,1.0,1.7201604226729117,Suburban,427215.4804521276
2448.0181110711137,2,1.5,31.74648650588719,Rural,540426.1773893199
2513.772207614952,2,2.0,42.94661746623638,Suburban,534994.2980186729
1942.0351205475527,4,1.5,17.23848834499371,Urban,549060.92942437
1932.1253079565952,4,2.0,19.514777360638526,Suburban,518255.63681963406
3451.3779132994605,3,2.5,44.55108414836057,Urban,760579.0756081394
3325.737114622994,2,1.0,40.680440668367794,Urban,690515.5885249731
1784.9466613783861,3,2.0,35.747641177588854,Suburban,469790.9995125335
3724.1230203944297,2,2.5,12.439853187657397,Urban,786173.6046692093
3849.0080544080192,3,1.0,45.51083274833223,Rural,735263.5492453399
1845.5761344961306,3,2.0,7.7207878769606495,Urban,570696.8485439799
1934.1598361377755,5,1.5,31.33852597086109,Suburban,521263.7670353544
2418.029290950268,3,1.5,1.440059027325935,Rural,588352.472967144
3811.586600107755,4,1.5,32.18599031624729,Rural,774799.0733621622
3604.222186055397,3,2.5,13.857217593667992,Urban,808292.6166061222
1128.2174802674874,2,1.5,22.483848859186,Suburban,375988.2906348019
2056.7383784685317,3,3.0,17.263227602852655,Urban,564167.9593010056
2570.78780719927,1,1.0,8.637837812310496,Urban,601175.8017964825
2410.0239121649283,2,2.5,31.099039504693703,Suburban,613037.3368601623
1420.3618173980567,1,1.5,44.09877775703037,Suburban,372806.2947365122
3548.213667738095,2,1.0,47.95421211412017,Urban,746549.46733859
2966.2105055898796,4,2.0,9.617318157695752,Rural,689935.1776829186
3481.3067995257716,4,1.5,35.86863870314867,Urban,745188.1487817669
3548.045693918311,4,1.0,33.21696833028411,Rural,734503.7657025221
3194.7387317303674,1,3.0,17.168889478728627,Urban,695434.2443566279
2205.4739239990954,5,2.0,0.9549599676862919,Suburban,597947.3146858265
2753.7496160493583,2,3.0,34.48956236564331,Rural,597121.1758337147
1313.1692995831781,4,1.0,47.274743027975006,Suburban,391605.6503349267
2955.665335919705,2,3.0,31.60600609578257,Suburban,625545.2961763159
1373.6104183656985,1,1.0,21.764636209381706,Suburban,423446.15823986894
3020.6386896325016,5,1.0,26.257694705581418,Suburban,707995.5270287377
1534.7141144126997,1,3.0,9.981440382995876,Suburban,440113.48169575137
1176.164160480704,2,1.0,37.52720818768688,Urban,370695.01810943824
1328.9103684574638,5,1.5,37.320991500492454,Rural,443562.53616056504
806.3748327010248,5,1.0,7.275865019371247,Urban,445191.76713197236
3099.9667771312966,1,2.5,43.89891912498295,Urban,667297.8048849631
3143.683356986813,4,1.0,13.459486973665264,Urban,730516.870670043
2447.7867197224305,2,2.5,49.11280304683074,Suburban,575008.086351086
1316.3609633772278,3,1.0,19.145150701862292,Urban,431156.17866343906
1067.373880034207,3,1.0,8.894202936724982,Rural,369918.1752609081
861.2126925993184,1,3.0,17.586005567282616,Urban,371616.1167232519
1330.3941662887064,2,1.5,22.009016434859657,Suburban,382320.5257509611
3650.7377119460693,2,1.5,3.4653886519147417,Rural,700128.5801918777
1572.9178934453817,1,2.0,28.910919061164474,Rural,383325.1604490424
1933.66824709509,2,3.0,29.881621993445016,Rural,495628.6336584062
1137.1055503402663,4,3.0,36.94652276747361,Rural,407670.3277379299
1511.556175194145,1,1.5,1.4584946145371647,Urban,469628.33385283663
2461.5186264966565,4,3.0,27.061910721691508,Suburban,609229.2625754167
2744.8085859060884,2,1.5,2.6453716635332194,Rural,638194.4210813153
1585.1274053318753,1,3.0,35.05721099833267,Rural,406413.25641048787
984.7429095203751,2,1.0,2.7863992850492236,Suburban,362013.30039428064
2051.3051812076756,1,1.5,45.58639241708163,Urban,497681.6399299558
1549.4507869642694,2,1.5,35.104128344224826,Rural,367180.17716254166
1502.5725543353662,4,2.5,25.369488254257856,Urban,472418.4510435086
3871.5609686830567,4,3.0,22.075196164058745,Urban,837897.1387970549
2772.161554962317,2,3.0,6.5336315206631195,Urban,690734.9454206609
2582.011018150707,1,1.5,14.549969478233155,Urban,584142.5510095884
2130.48033127463,3,1.0,43.44795525104481,Rural,526675.733906644
2172.6218669764617,4,1.0,45.2226405781247,Rural,510738.1589661898
2530.896012281859,4,1.0,0.037385418526553194,Urban,620169.5394621223
3028.575382515543,3,3.0,29.706819573877564,Urban,691131.1375893501
3046.8675077818543,2,2.5,35.96503045125568,Suburban,650912.622980409
1349.4205046574386,1,1.5,30.937349122880313,Suburban,374279.5238596051
2400.360806645206,2,2.0,4.083988243317699,Suburban,556273.3781918158
2118.2659041091265,5,2.5,10.886244939945112,Rural,590723.2561125493
3585.686292062029,4,2.0,12.517013369069302,Suburban,802046.7855811542
2820.5405478988046,5,2.5,41.58623156525449,Rural,641175.8986284595
2504.0130125311416,4,1.0,23.159971815446024,Rural,621825.1243054082
1169.2628549725355,4,3.0,24.34141059706184,Rural,400394.8371818073
2738.0412458349165,5,2.0,46.744652327725426,Rural,608963.9730632012
1175.052498176747,5,2.5,31.854294442735775,Suburban,401319.1299892454
1879.0610418104066,2,3.0,44.93338507763319,Urban,521338.58516777103
1257.094287405862,5,2.0,22.825442767076648,Urban,471196.3578907207
3014.6356704779805,2,1.5,7.471812925914712,Urban,672637.8178564946
1460.0067642756883,2,2.5,46.496779703704284,Suburban,370521.46622901247
2053.9499942016832,2,1.5,22.935255783376913,Urban,514872.2248755363
3666.1592883800918,4,1.0,9.081571093941093,Suburban,833471.2299165949
1453.8124268767049,4,1.5,15.119787015196112,Suburban,412562.3269410873
2424.9762046680935,5,1.5,2.540129484447112,Suburban,621073.133195116
2141.66931573127,4,2.5,23.415029572819257,Urban,626191.0471877155
857.9969313463351,5,1.0,42.65640859551183,Urban,401022.59204782895
3336.825963433001,4,1.5,46.679022800334465,Urban,719932.3583489901
1020.9469002067192,1,3.0,46.630110375182184,Rural,310583.82659453177
2317.6160671262514,1,2.0,6.261501281437337,Suburban,550639.6568813885
2594.1705438046397,5,1.5,19.102694125552848,Rural,630199.6590812884
2810.9646611666785,4,1.0,1.4114379825353185,Suburban,700922.26538465
3003.6212137852017,4,1.5,42.75826724857364,Urban,692079.9989283658
1610.4716272726882,2,2.0,17.93778810106369,Suburban,466343.28180910024
831.932085307038,3,1.0,31.55585139461174,Suburban,321865.93678335624
3115.019719535718,5,2.5,35.74492190386443,Rural,663360.2597719638
2514.1011179122515,3,1.0,21.49223348715777,Suburban,556774.6791325504
3475.576650263196,3,2.5,15.32211682751215,Urban,758816.8237258467
3428.442761282222,5,1.0,48.11064550579724,Suburban,726170.051541016
3498.6437369212263,4,2.0,48.22441125119271,Suburban,778140.434067279
2352.3029119345283,5,2.0,14.471818401501096,Suburban,625621.8476461872
1867.61086667797,3,1.0,23.981254837222902,Rural,464044.6131231773
3332.986248292384,4,1.5,48.64220793300112,Suburban,728576.8892339695
2244.1411616936157,1,2.0,0.24342038277516131,Suburban,507340.0803612322
1387.0150284909905,5,2.5,20.63391241895746,Rural,450124.4384517264
3535.9168625967177,5,2.5,5.022877484048421,Rural,785118.0788266584
3624.1916056715113,4,3.0,25.45789827813013,Rural,786131.6737619594
2292.1912196485446,1,2.5,1.2334977270243574,Rural,553011.9110673367
1042.23912739132,1,3.0,20.344921569531394,Urban,385420.6585797112
2041.04348773418,4,1.0,11.034953739266756,Urban,574867.8990852385
3371.320510280331,2,1.0,26.66541812293704,Suburban,676810.4760347536
3685.676891347932,5,1.0,49.79968245503498,Urban,799467.0484094777
1451.1127759923065,5,1.5,40.02680525633738,Suburban,433343.35372690076
1014.3155584808688,3,1.5,42.28210458122107,Urban,380848.0078910652
3607.5214500250836,4,3.0,31.763249367954042,Rural,759352.908042542
2046.095804732401,3,2.5,2.077992413612928,Rural,514906.1870902397
2533.635085656202,3,2.5,10.339883802207206,Urban,642961.7677628648
3897.8105985624284,1,1.0,46.25322782235275,Urban,710156.0386751177
1013.0071293255131,5,2.0,18.30565589643756,Suburban,443132.8149423095
2874.617623846706,3,1.5,5.181836324039779,Suburban,674452.7871912002
1037.1373522395747,1,1.5,35.1202682933101,Suburban,319689.7315475822
2001.5005710928012,4,1.0,14.972886196712732,Rural,482778.5045593125
3372.2065446190295,3,1.5,13.442845645208584,Rural,695884.3323861775
2187.11114481803,5,1.0,49.89887277791302,Rural,528978.9676422286
3990.983532489441,3,3.0,42.90694625133272,Rural,790478.4882015793
2588.989711829127,4,2.5,20.396890918392053,Suburban,601680.2665470275
1827.7188884350512,3,2.0,49.013060390824954,Rural,423816.1927637099
1504.35624289521,5,2.5,32.50566117096068,Rural,459985.88732504926
1921.6657097157179,1,2.5,37.10112259398801,Rural,417982.945891693
1992.1064760305626,5,3.0,1.5756521541105795,Rural,604668.065728139
1019.8837687166751,1,1.5,6.080262967402855,Urban,374293.06952821504
1982.6374381656742,2,2.0,31.654256324811918,Suburban,469672.0772152586
2285.56326316552,5,1.5,44.951199132474194,Suburban,593766.386902668
3112.760807164175,5,2.5,31.187186304379782,Rural,727581.0665437202
2901.5343511091455,4,1.0,6.701244715949589,Urban,704308.0750781605
3068.0500967332937,3,2.5,5.788002312316232,Suburban,701127.7875283988
826.7637820059427,1,1.5,42.20929479120408,Suburban,268335.79634509055
1496.5356786577154,1,2.5,6.965116935395716,Rural,399216.4607076285
2917.389722879541,4,1.0,26.01159802520127,Rural,614861.0220225729
2348.765978175191,4,3.0,1.8556659981151136,Suburban,656025.8058301235
817.003122138707,3,1.5,4.033488369558869,Suburban,340606.7155758228
3374.3828557818315,3,2.5,33.61741338214324,Urban,745604.0271793781
3272.9906345290797,5,1.5,34.459070521375835,Suburban,710784.5675319737
2554.9413215794,2,3.0,17.07347033042212,Suburban,595978.7175743013
1012.6826424840708,3,2.5,10.780488262152238,Rural,430637.4565878532
3252.848158504271,4,2.5,40.6855135378654,Suburban,700221.7521628707
2667.8834807403646,3,1.5,10.855161473494517,Rural,635799.2761283913
3302.271926905469,1,1.5,27.101353483318984,Suburban,660183.3252094234
3205.5903756666894,2,1.0,48.410442043145274,Suburban,651026.8835767511
3369.606630265079,5,3.0,7.392621893119189,Suburban,817939.9777545676
2457.6258124947994,1,1.0,47.04381337473544,Urban,537045.4061876044
1249.038458219248,1,2.5,9.144652653433432,Rural,363676.972951848
2947.703914815004,2,1.5,28.372160401161477,Urban,647561.6072554403
2785.516112166306,5,2.5,18.85038559793723,Suburban,683428.461594082
3175.210199037079,4,2.5,48.2464300750913,Urban,757822.5109187788
1343.6192193623529,5,2.0,13.677101450096846,Rural,423183.26591104834
1423.9206396809254,3,2.0,19.982900104287683,Suburban,398190.65669199533
3649.310455101851,1,2.5,49.14300589277102,Urban,696672.5040285513
3199.9289550466265,3,1.5,26.82351955942366,Urban,692787.1950261218
3706.3311638410332,4,2.5,25.131505781062675,Rural,797319.8303390596
3227.8890277245464,3,2.0,12.888924410199564,Urban,751522.8155965664
2710.896979168966,5,1.5,35.06817801552207,Rural,616916.3160316886
2893.2247584891957,3,2.5,0.7186475888888821,Suburban,680195.2356312936
3645.2093566080316,4,3.0,2.4756314851146763,Suburban,796979.7993043333
2652.1816144382096,4,3.0,29.967929356790137,Urban,647388.267060814
2823.65223785084,4,2.5,17.083728690922705,Suburban,685561.4437669341
1300.7254912115218,5,1.5,47.66581861004803,Suburban,440896.6862938482
2316.5479043715286,4,2.5,45.15953453613928,Urban,585286.2746309872
3092.4707582659166,1,2.5,35.68531293383536,Suburban,668385.6032226683
1667.0166346123692,4,2.0,40.90727905639007,Urban,513457.3231111875
1447.2133776785117,3,3.0,33.366592483384665,Rural,455549.9312135031
1804.2457863181298,3,2.0,6.2791051355080345,Rural,483339.00143031304
1572.802009577067,3,2.0,38.277168484460134,Rural,453056.8578647528
1487.7204385164669,5,2.5,10.50959843594232,Urban,568739.3201410432
2159.5226971778784,3,2.0,16.172142755009837,Urban,564505.9111545515
3705.083244427309,5,3.0,40.96171060512101,Suburban,806717.3952916136
2422.590869563898,5,2.0,26.82628041967241,Suburban,597607.9799667845
1401.3452186090337,4,3.0,42.99703570917046,Suburban,419320.44515896804
1046.309342018797,1,2.0,10.65176599216321,Suburban,323643.6084853304
3027.6996644413607,4,3.0,30.38892193034436,Suburban,682536.705100114
2024.956046196441,4,2.0,4.189548627413081,Urban,590048.6178817645
3429.8590290731495,5,2.0,32.15304967700148,Urban,771941.8138955439
2910.4344596504648,5,1.5,38.126701888776736,Rural,660821.7181505305
3347.972641732379,3,3.0,29.246544698936084,Rural,718246.2545848199
1670.227326139036,3,3.0,13.311575074940512,Rural,467820.0359684274
3015.548551875386,4,3.0,1.567133442943336,Rural,709512.4072469784
1644.9983510199,2,1.0,5.972444198214289,Urban,460219.06060104445
3805.019134240933,2,2.0,31.11514895370131,Urban,778422.9257169095
2836.397700906798,3,3.0,46.721010842125686,Urban,642561.3848046098
1838.4377605610946,2,1.0,10.32672019860032,Suburban,472121.0376812202
1662.4379593352724,3,1.5,36.75130745525494,Suburban,433103.46913583926
1410.9650722292592,5,3.0,43.322553162452074,Rural,425000.8901531809
3022.851068459929,4,3.0,26.044108922375553,Suburban,714252.1291235845
1499.8899615933674,1,1.0,33.463289792182884,Urban,414066.0284725315
2704.970450967965,4,2.0,40.75076583380741,Rural,632228.7725242694
1646.8320861611435,3,1.5,13.03375788702968,Rural,431003.1075450583
2918.3006233403794,3,3.0,14.84478371340215,Suburban,668281.763653435
3407.8071313297255,4,2.0,0.03137583142280853,Rural,760749.6019698303
3289.68077806289,3,1.5,48.154706544890125,Suburban,667756.6126282982
3234.7242589785014,2,2.5,45.87724472981724,Suburban,678249.6337931145
1400.7116982152065,2,2.5,38.22841318797152,Rural,394336.99929398816
1082.8318303504598,3,1.5,3.953801048832406,Suburban,400556.88062755787
3036.636251159634,3,1.0,22.375144484975408,Suburban,687313.637855055
